{
  "name": "productplus",
  "version": "0.1.0",
  "private": true,
  "scripts": {
    "dev": "next dev",
    "build": "next build",
    "start": "next start",
    "start:node": "node server.js",
    "start:prod": "NODE_ENV=production node server.js",
    "lint": "next lint",
    "seed": "node seed.js",
    "db:reset": "npx prisma migrate reset --force",
    "db:push": "npx prisma db push",
    "db:generate": "npx prisma generate"
  },
  "dependencies": {
    "@prisma/client": "^6.14.0",
    "bcryptjs": "^3.0.2",
    "bootstrap": "^5.3.7",
    "bootstrap-icons": "^1.13.1",
    "express": "^4.21.2",
    "jsonwebtoken": "^9.0.2",
    "mammoth": "^1.10.0",
    "multer": "^2.0.2",
    "mysql2": "^3.14.3",
    "next": "15.4.6",
    "react": "19.1.0",
    "react-dom": "19.1.0",
    "react-dropzone": "^14.3.8",
    "xlsx": "^0.18.5"
  },
  "devDependencies": {
    "@types/bcryptjs": "^2.4.6",
    "@types/jsonwebtoken": "^9.0.10",
    "@types/multer": "^2.0.0",
    "@types/node": "^20",
    "@types/react": "^19",
    "@types/react-dom": "^19",
    "prisma": "^6.14.0",
    "typescript": "^5"
  }
}
